text,label
"I love this product!",positive
"This is the worst experience ever.",negative
"It's okay, not great but not bad.",neutral
"Absolutely fantastic service!",positive
"Terrible customer support, very disappointed.",negative
"I am very happy with my purchase.",positive
"This is very disappointing.",negative
"The product exceeded my expectations!",positive
"Average performance, could be better.",neutral
"Outstanding quality and value!",positive
"Completely useless product.",negative
"It works as expected, nothing special.",neutral
"Best purchase I've ever made!",positive
"Waste of money and time.",negative
"The features are somewhat helpful.",neutral
"Excellent customer service!",positive
"Poor build quality, broke quickly.",negative
"Decent product for the price.",neutral
"Amazing experience from start to finish!",positive
"Horrible delivery service.",negative
"It's alright, serves its purpose.",neutral
"Love everything about it!",positive
"Regret buying this completely.",negative
"Not bad, but not great either.",neutral
"Incredible value for money!",positive
"Don't waste your time with this.",negative
"Pretty standard product overall.",neutral
"Absolutely love the design!",positive
"Terrible user experience.",negative
"It's fine, nothing extraordinary.",neutral
"Perfect solution for my needs!",positive
"Awful customer support experience.",negative
"Does the job adequately.",neutral
"Highly impressed with the quality!",positive
"Complete disappointment.",negative
"Middle of the road product.",neutral
"Exceptional performance!",positive
"Worst purchase ever made.",negative
"Average functionality and design.",neutral
"Brilliant features and execution!",positive
"Total disaster from day one.",negative
"Neither good nor bad really.",neutral
"Couldn't be happier with it!",positive
"Extremely poor quality.",negative
"Basic functionality works okay.",neutral
"Outstanding product quality!",positive
"Frustrating experience overall.",negative
"Meets basic requirements.",neutral
"Delighted with this purchase!",positive
"Very dissatisfied customer.",negative
"It's reasonable for the price.",neutral
"This has made my life easier!",positive
"Complete waste of resources.",negative
"Standard performance level.",neutral
"Super satisfied with everything!",positive
"Deeply disappointed.",negative
"Acceptable but not impressive.",neutral
"Great value and performance!",positive
"Would not recommend to anyone.",negative
"Does what it says, nothing more.",neutral
"Fantastic customer experience!",positive
"Horrible waste of money.",negative
"Average product, average results.",neutral
"Life-changing product!",positive
"Everything about it is terrible.",negative
"Just another average item.",neutral
"Exceeded all my expectations!",positive
"Worst service I've experienced.",negative
"Nothing special to report.",neutral
"Absolutely phenomenal quality!",positive
"Major letdown in every way.",negative
"Gets the job done I suppose.",neutral
"Incredible performance!",positive
"Completely frustrated with this.",negative
"Mediocre at best.",neutral
"Outstanding customer support!",positive
"Never buying this again.",negative
"Could take it or leave it.",neutral
"Best decision I ever made!",positive
"Awful experience overall.",negative
"Just okay, nothing special.",neutral
"Remarkable product quality!",positive
"Total waste of effort.",negative
"Fair value for money.",neutral
"Absolutely love using this!",positive
"Terrible design choices.",negative
"Basic features work fine.",neutral
"Couldn't ask for better!",positive
"Poor quality control.",negative
"Average user experience.",neutral
"Amazing value proposition!",positive
"Disappointing performance.",negative
"Somewhat useful features.",neutral
"Fantastic build quality!",positive
"Regrettable purchase decision.",negative
"Does the basic functions.",neutral
"Incredible customer care!",positive
"Completely unsatisfactory.",negative
"Middle ground performance.",neutral
"Love every aspect of it!",positive
"Waste of time and effort.",negative
"Acceptable performance level.",neutral
"Perfect for my needs!",positive
"Horrible user interface.",negative
"Standard quality product.",neutral
"Exceptional service quality!",positive
"Very poor experience.",negative
"Not great, not terrible.",neutral
"Absolutely worth every penny!",positive
"Dreadful customer service.",negative
"Meets expectations barely.",neutral
"Top-notch performance!",positive
"Deeply unsatisfying product.",negative
"Average build quality.",neutral
"Wonderful user experience!",positive
"Terrible product support.",negative
"Just meets basic needs.",neutral
"Love the attention to detail!",positive
"Completely underwhelming.",negative
"Ordinary performance.",neutral
"Superb quality overall!",positive
"Massive disappointment.",negative
"Functions adequately enough.",neutral
"Exactly what I needed!",positive
"Poor design execution.",negative
"Average user satisfaction.",neutral
"Brilliant customer support!",positive
"Awful product quality.",negative
"Nothing remarkable here.",neutral
"Exceeded expectations greatly!",positive
"Really don't love the design at all.",negative
"Seriously disappointed.",negative
"Moderately useful product.",neutral
"Outstanding performance!",positive
"Terrible user experience.",negative
"Basic functionality only.",neutral
"Amazing product design!",positive
"Would never buy again.",negative
"Acceptable quality level.",neutral
"Fantastic user interface!",positive
"Completely dissatisfied.",negative
"Standard product features.",neutral
"Incredible ease of use!",positive
"Poor customer support.",negative
"Average performance metrics.",neutral
"Love the functionality!",positive
"Disappointing quality.",negative
"Does what it should.",neutral
"Perfect implementation!",positive
"Absolutely horrible.",negative
"Neither impressive nor poor.",neutral
"Highly recommended product!",positive
"Worst decision ever.",negative
"Fair but unremarkable.",neutral
"Excellent build quality!",positive
"Total failure in design.",negative
"Average user interface.",neutral
"Simply outstanding!",positive
"Extremely disappointing.",negative
"Basic product features.",neutral
"Incredible customer service!",positive
"Complete waste of money.",negative
"Mediocre performance.",neutral
"Best service ever!",positive
"Horrible experience.",negative
"Just average overall.",neutral
"Amazing features!",positive
"Terrible quality.",negative
"Standard performance.",neutral
"Love this product!",positive
"Very poor support.",negative
"Nothing special here.",neutral
"Exceptional quality!",positive
"Cannot stand how poorly this works.",negative
"Waste of resources.",negative
"Acceptable standards.",neutral
"Fantastic experience!",positive
"Really disappointed.",negative
"Average quality.",neutral
"This product changed everything!",positive
"Never seen worse quality.",negative
"It's a basic solution.",neutral
"Absolutely thrilled with results!",positive
"Everything went wrong.",negative
"Regular performance overall.",neutral
"Phenomenal customer experience!",positive
"Complete failure to deliver.",negative
"Standard industry quality.",neutral
"Revolutionary features!",positive
"Deeply frustrating experience.",negative
"Works as intended mostly.",neutral
"I hate everything about this product.",negative
"Stellar performance!",positive
"Utterly useless product.",negative
"Average market offering.",neutral
"Game-changing solution!",positive
"Pathetic customer service.",negative
"Reasonable functionality.",neutral
"Mind-blowing results!",positive
"Catastrophic failure.",negative
"Does the job adequately.",neutral
"Superior quality product!",positive
"Completely ineffective.",negative
"Basic features work.",neutral
"Transformative solution!",positive
"Absolute nightmare experience.",negative
"Standard market product.",neutral
"Innovative and excellent!",positive
"Disastrous implementation.",negative
"Moderate effectiveness.",neutral
"Outstanding product quality!",positive
"Absolutely despise using this.",negative
